"AgentID","AgentStartingDate","Function","Country","Education"
1246,2016-09-30,"Agent","Serbia","Humanities"
1247,2015-09-15,"Agent","United States","Humanities"
1248,2016-07-22,"Agent","United States","Engineering"
1249,2015-02-04,"Agent","Turkey","Engineering"
1250,2019-11-16,"Agent","United States","IT"
1251,2018-06-14,"Agent","Argentina","Humanities"
1252,2020-07-01,"Agent","Netherlands","Economics"
1253,2017-01-07,"Agent","Serbia","Humanities"
1254,2014-09-27,"Agent","Portugal","Other"
1255,2020-02-10,"Agent","United States","Language & Literature"
1256,2019-08-14,"Agent","Brazil","IT"
1257,2018-08-12,"Agent","Portugal","Humanities"
1258,2017-05-20,"Agent","Portugal","Humanities"
1259,2017-05-03,"Agent","Netherlands","Language & Literature"
1260,2016-09-22,"Agent","Honduras","Engineering"
1261,2015-04-24,"Agent","Netherlands","Language & Literature"
1262,2015-09-26,"Agent","Honduras","IT"
1263,2016-06-19,"Agent","Turkey","Design"
1264,2015-08-01,"Agent","Turkey","Engineering"
1265,2017-11-03,"Agent","United States","IT"
1266,2017-02-05,"Agent","United States","Other"
1267,2014-05-11,"Agent","Brazil","Humanities"
1268,2016-10-10,"Agent","Honduras","Engineering"
1269,2016-01-10,"Agent","Argentina","Life Sciences"
1270,2019-05-06,"Agent","Serbia","IT"
1271,2014-10-25,"Agent","Hungary","Language & Literature"
1272,2019-01-09,"Agent","United States","Other"
1273,2014-09-15,"Agent","United States","Arts"
1274,2014-03-20,"Agent","Argentina","Engineering"
1275,2020-06-10,"Agent","Spain","Economics"
1276,2014-11-03,"Agent","Netherlands","Humanities"
1277,2016-06-20,"Agent","Hungary","Other"
1278,2017-05-29,"Agent","Netherlands","Humanities"
1279,2015-07-15,"Agent","Turkey","Law"
1280,2014-05-16,"Agent","Hungary","Language & Literature"
1281,2017-03-14,"Agent","Brazil","Other"
1282,2016-08-16,"Agent","Argentina","Other"
1283,2019-12-11,"Agent","Portugal","Other"
1284,2018-12-05,"Agent","Portugal","Law"
1285,2017-06-11,"Agent","Serbia","Language & Literature"
1286,2015-08-31,"Agent","Spain","Language & Literature"
1287,2015-05-10,"Agent","Spain","Life Sciences"
1288,2015-06-18,"Agent","Serbia","Other"
1289,2020-03-05,"Agent","Argentina","IT"
1290,2017-02-28,"Agent","Spain","Other"
1291,2015-07-23,"Agent","Brazil","Humanities"
1292,2018-03-26,"Agent","Spain","Other"
1293,2016-08-08,"Agent","Honduras","Engineering"
1294,2020-04-14,"Agent","Serbia","Engineering"
1295,2017-10-20,"Agent","Brazil","Language & Literature"
1296,2018-07-25,"Agent","Netherlands","Life Sciences"
1297,2015-08-18,"Agent","Honduras","Humanities"
1298,2015-03-10,"Agent","Brazil","Other"
1299,2016-01-30,"Agent","Turkey","Engineering"
1300,2018-10-17,"Agent","Spain","IT"
1301,2020-05-12,"Agent","Spain","Language & Literature"
1302,2014-06-18,"Agent","Serbia","Other"
1303,2019-06-06,"Agent","Honduras","Humanities"
1304,2016-12-30,"Agent","Serbia","Economics"
1305,2015-07-27,"Agent","Hungary","Language & Literature"
1306,2016-05-13,"Agent","Brazil","Humanities"
1307,2019-05-25,"Agent","Serbia","Language & Literature"
1308,2014-11-22,"Agent","Serbia","Design"
1309,2020-12-07,"Agent","Honduras","IT"
1310,2018-08-18,"Agent","Honduras","Engineering"
1311,2020-11-12,"Agent","Brazil","Other"
1312,2016-04-19,"Agent","Turkey","Humanities"
1313,2019-10-09,"Agent","United States","Engineering"
1314,2020-11-01,"Agent","Brazil","Other"
1315,2015-07-02,"Agent","Honduras","Arts"
1316,2019-03-26,"Agent","Serbia","Other"
1317,2014-11-15,"Agent","Portugal","Life Sciences"
1318,2020-01-02,"Agent","Hungary","Economics"
1319,2014-04-12,"Agent","Honduras","Engineering"
1320,2014-08-02,"Agent","Honduras","Language & Literature"
1321,2015-01-25,"Agent","Spain","Engineering"
1322,2018-06-09,"Agent","Netherlands","Engineering"
1323,2015-08-20,"Agent","Brazil","Humanities"
1324,2014-06-09,"Agent","Hungary","Life Sciences"
1325,2019-06-09,"Agent","Netherlands","Engineering"
1326,2019-12-14,"Agent","Spain","Humanities"
1327,2020-04-28,"Agent","Serbia","Economics"
1328,2015-03-18,"Agent","Honduras","Humanities"
1329,2014-06-30,"Agent","Brazil","Medicine"
1330,2016-02-18,"Agent","Hungary","Economics"
1331,2014-06-12,"Agent","Serbia","Language & Literature"
1332,2014-08-16,"Agent","United States","Humanities"
1333,2016-07-26,"Agent","United States","Humanities"
1334,2014-04-12,"Agent","Honduras","Arts"
1335,2017-07-12,"Agent","Portugal","Humanities"
1336,2020-10-10,"Agent","Serbia","Other"
1337,2014-02-09,"Agent","Turkey","Law"
1338,2016-05-26,"Agent","Honduras","Engineering"
1339,2020-09-13,"Agent","Argentina","Economics"
1340,2018-01-13,"Agent","Spain","Language & Literature"
1341,2016-03-16,"Agent","Honduras","Other"
1342,2015-11-01,"Agent","Argentina","Humanities"
1343,2016-04-17,"Agent","Hungary","Economics"
1344,2015-04-23,"Agent","Honduras","Design"
1345,2017-11-27,"Agent","United States","Language & Literature"
1346,2017-10-30,"Agent","Serbia","Humanities"
1347,2019-07-30,"Agent","Serbia","Engineering"
1348,2015-08-21,"Agent","Honduras","Economics"
1349,2019-10-20,"Agent","Honduras","Engineering"
1350,2020-11-09,"Agent","Hungary","Language & Literature"
1351,2016-06-09,"Agent","Hungary","Design"
1352,2017-04-26,"Agent","Spain","Language & Literature"
1353,2017-12-26,"Agent","United States","Arts"
1354,2019-03-30,"Agent","Honduras","Economics"
1355,2015-05-03,"Agent","Turkey","Economics"
1356,2016-06-30,"Agent","Argentina","Life Sciences"
1357,2014-08-03,"Agent","Argentina","Humanities"
1358,2015-06-24,"Agent","Spain","Language & Literature"
1359,2015-09-05,"Agent","Serbia","Other"
1360,2017-12-26,"Agent","Argentina","Law"
1361,2016-07-19,"Agent","Serbia","Humanities"
1362,2020-06-01,"Agent","Brazil","Other"
1363,2019-02-02,"Agent","Portugal","Law"
1364,2014-11-24,"Agent","Honduras","Humanities"
1365,2017-03-16,"Agent","Portugal","Language & Literature"
1366,2018-09-21,"Agent","Portugal","Medicine"
1367,2019-03-27,"Agent","Honduras","Life Sciences"
1368,2017-01-12,"Agent","Hungary","Language & Literature"
1369,2014-09-07,"Agent","Brazil","Arts"
1370,2019-06-14,"Agent","Turkey","Engineering"
1371,2015-06-13,"Agent","Argentina","Economics"
1372,2014-10-08,"Agent","Hungary","Economics"
1373,2016-06-16,"Agent","Netherlands","Medicine"
1374,2016-05-18,"Agent","Turkey","Language & Literature"
1375,2020-10-14,"Agent","Portugal","Engineering"
1376,2019-08-20,"Agent","Hungary","Arts"
1377,2015-06-18,"Agent","Hungary","Engineering"
1378,2018-01-04,"Agent","Portugal","Engineering"
1379,2015-07-15,"Agent","Netherlands","Arts"
1380,2018-06-04,"Agent","Spain","IT"
1381,2015-08-08,"Agent","Brazil","Language & Literature"
1382,2014-10-20,"Agent","Brazil","Engineering"
1383,2014-10-30,"Agent","Spain","Arts"
1384,2018-06-10,"Agent","United States","Humanities"
1385,2019-04-27,"Agent","Spain","IT"
1386,2014-04-17,"Agent","Portugal","Language & Literature"
1387,2018-03-22,"Agent","Portugal","Economics"
1388,2016-02-14,"Agent","Argentina","Language & Literature"
1389,2019-02-07,"Agent","Spain","Engineering"
1390,2019-09-22,"Agent","Argentina","Engineering"
1391,2020-02-15,"Agent","Netherlands","Engineering"
1392,2016-06-29,"Agent","United States","Language & Literature"
1393,2019-04-21,"Agent","Honduras","Engineering"
1394,2014-06-20,"Agent","Netherlands","Language & Literature"
1395,2014-02-08,"Agent","Spain","Engineering"
1396,2016-03-20,"Agent","United States","Design"
1397,2014-08-04,"Agent","Portugal","IT"
1398,2018-11-06,"Agent","Portugal","Engineering"
1399,2017-08-07,"Agent","Argentina","Humanities"
1400,2019-10-07,"Agent","Argentina","IT"
1401,2019-04-22,"Agent","Serbia","Economics"
1402,2020-09-08,"Agent","Portugal","Medicine"
1403,2017-04-22,"Agent","Turkey","Engineering"
1404,2020-11-08,"Agent","Portugal","Engineering"
1405,2016-11-11,"Agent","Brazil","Arts"
1406,2015-08-11,"Agent","Honduras","Engineering"
1407,2014-03-04,"Agent","Netherlands","Life Sciences"
1408,2018-08-11,"Agent","Serbia","Other"
1409,2015-02-21,"Agent","Netherlands","Arts"
1410,2015-07-27,"Agent","Portugal","Economics"
1411,2016-12-29,"Agent","Hungary","Economics"
1412,2019-10-08,"Agent","Brazil","Law"
1413,2020-02-29,"Agent","Spain","Design"
1414,2019-07-10,"Agent","Brazil","Language & Literature"
1415,2017-06-20,"Agent","Hungary","Language & Literature"
1416,2020-09-26,"Agent","Spain","Engineering"
1417,2015-07-31,"Agent","United States","Humanities"
1418,2015-06-26,"Agent","Hungary","Economics"
1419,2019-05-31,"Agent","Argentina","Law"
1420,2020-11-28,"Agent","Portugal","Engineering"
1421,2016-07-28,"Agent","Argentina","Humanities"
1422,2015-06-06,"Agent","Argentina","Other"
1423,2015-02-09,"Agent","Turkey","Other"
1424,2015-12-17,"Agent","Hungary","Law"
1425,2020-12-23,"Agent","Portugal","Law"
1426,2015-03-05,"Agent","Hungary","Engineering"
1427,2016-02-17,"Agent","Hungary","Engineering"
1428,2016-09-08,"Agent","United States","Life Sciences"
1429,2014-07-24,"Agent","Netherlands","Arts"
1430,2017-05-18,"Agent","Serbia","Other"
1431,2020-11-23,"Agent","Honduras","Humanities"
1432,2019-10-15,"Agent","United States","Language & Literature"
1433,2019-11-06,"Agent","Argentina","Engineering"
1434,2017-10-13,"Agent","Hungary","Engineering"
1435,2015-08-24,"Agent","Serbia","Engineering"
1436,2014-11-05,"Agent","Brazil","Economics"
1437,2019-12-30,"Agent","Brazil","Engineering"
1438,2020-05-30,"Agent","Honduras","Other"
1439,2017-12-15,"Agent","Netherlands","Humanities"
1440,2015-12-16,"Agent","Honduras","Language & Literature"
1441,2017-12-24,"Agent","Argentina","Language & Literature"
1442,2019-01-26,"Agent","Turkey","Language & Literature"
1443,2018-10-22,"Agent","Brazil","Life Sciences"
1444,2019-12-04,"Agent","United States","Engineering"
1445,2015-04-25,"Agent","Hungary","Humanities"
1446,2016-11-04,"Agent","Brazil","Economics"
1447,2015-05-01,"Agent","Brazil","Arts"
1448,2020-04-20,"Agent","Brazil","Humanities"
1449,2015-12-26,"Agent","Brazil","Law"
1450,2018-12-31,"Agent","Serbia","Other"
1451,2020-05-17,"Agent","Argentina","Language & Literature"
1452,2017-04-16,"Agent","Hungary","Economics"
1453,2017-12-22,"Agent","Netherlands","Economics"
1454,2017-02-04,"Agent","Portugal","Arts"
1455,2020-02-20,"Agent","Spain","Humanities"
1456,2016-06-12,"Agent","Spain","Economics"
1457,2014-12-31,"Agent","Brazil","Other"
1458,2017-11-02,"Agent","Brazil","Other"
1459,2015-02-25,"Agent","Serbia","Engineering"
1460,2019-06-16,"Agent","Netherlands","Language & Literature"
1461,2017-04-04,"Agent","Serbia","Language & Literature"
1462,2014-07-26,"Agent","Hungary","Humanities"
1463,2018-01-31,"Agent","Serbia","Humanities"
1464,2017-02-02,"Agent","Spain","Law"
1465,2018-02-14,"Agent","Netherlands","Life Sciences"
1466,2020-05-16,"Agent","Turkey","Other"
1467,2015-03-16,"Agent","Spain","Economics"
1468,2020-09-02,"Agent","Portugal","Language & Literature"
1469,2020-12-21,"Agent","Argentina","Language & Literature"
1470,2016-09-17,"Agent","Netherlands","Other"
1471,2014-09-08,"Agent","Argentina","Other"
1472,2017-08-10,"Agent","Turkey","Engineering"
1473,2015-09-05,"Agent","Netherlands","Engineering"
1474,2020-11-15,"Agent","Spain","IT"
1475,2019-11-18,"Agent","Argentina","Humanities"
1476,2017-04-26,"Agent","Honduras","Engineering"
1477,2014-05-21,"Agent","Turkey","Humanities"
1478,2018-11-29,"Agent","Hungary","Humanities"
1479,2015-01-14,"Agent","Honduras","Arts"
1480,2015-09-18,"Agent","Hungary","Humanities"
1481,2014-10-03,"Agent","Hungary","Other"
1482,2018-12-14,"Agent","Netherlands","Language & Literature"
1483,2014-05-18,"Agent","Spain","Economics"
1484,2020-07-19,"Agent","Turkey","IT"
1485,2017-05-19,"Agent","Netherlands","Language & Literature"
1486,2015-04-06,"Agent","Netherlands","Other"
1487,2018-08-18,"Agent","Honduras","Design"
1488,2015-12-28,"Agent","Argentina","Humanities"
1489,2014-03-20,"Agent","Turkey","Language & Literature"
1490,2015-06-26,"Agent","United States","Other"
1491,2019-06-02,"Agent","Honduras","Arts"
1492,2018-10-04,"Agent","Portugal","Law"
1493,2019-05-07,"Agent","Hungary","Law"
1494,2019-02-05,"Agent","Turkey","Humanities"
1495,2016-05-03,"Agent","Spain","Language & Literature"
1496,2018-06-23,"Agent","United States","Humanities"
1497,2015-05-10,"Agent","Portugal","Other"
1498,2020-08-15,"Agent","Netherlands","Engineering"
1499,2020-08-24,"Agent","Argentina","Economics"
1500,2019-11-15,"Agent","Portugal","Language & Literature"
1501,2019-09-28,"Agent","Serbia","Engineering"
1502,2016-03-25,"Agent","Brazil","Other"
1503,2018-09-20,"Agent","Brazil","IT"
1504,2018-08-05,"Agent","Honduras","Engineering"
1505,2020-11-27,"Agent","Turkey","Medicine"
1506,2020-01-31,"Agent","Brazil","Humanities"
1507,2014-05-25,"Agent","Serbia","Economics"
1508,2017-12-26,"Agent","Hungary","Language & Literature"
1509,2020-02-09,"Agent","Turkey","Humanities"
1510,2014-12-13,"Agent","Portugal","Arts"
1511,2018-12-14,"Agent","Portugal","Life Sciences"
1512,2014-05-22,"Agent","United States","Humanities"
1513,2015-05-01,"Agent","Serbia","Engineering"
1514,2014-04-28,"Agent","Honduras","Other"
1515,2014-11-05,"Agent","United States","Humanities"
1516,2014-12-23,"Agent","Brazil","Design"
1517,2020-01-12,"Agent","Portugal","Engineering"
1518,2014-11-05,"Agent","Brazil","Humanities"
1519,2018-08-29,"Agent","Serbia","Other"
1520,2018-01-22,"Agent","Netherlands","Humanities"
1521,2014-03-02,"Agent","Netherlands","Design"
1522,2016-01-22,"Agent","Brazil","Other"
1523,2017-07-19,"Agent","Spain","Humanities"
1524,2017-01-04,"Agent","Spain","Humanities"
1525,2017-01-15,"Agent","Honduras","Language & Literature"
1526,2014-12-01,"Agent","United States","Humanities"
1527,2017-04-02,"Agent","Hungary","Engineering"
1528,2014-01-13,"Agent","Portugal","Other"
1529,2015-09-29,"Agent","Portugal","Language & Literature"
1530,2016-10-20,"Agent","Turkey","Other"
1531,2014-02-10,"Agent","Serbia","Economics"
1532,2017-03-16,"Agent","Turkey","Language & Literature"
1533,2018-05-19,"Agent","Argentina","Engineering"
1534,2016-02-11,"Agent","Argentina","Language & Literature"
1535,2019-04-28,"Agent","Spain","Law"
1536,2020-07-09,"Agent","Serbia","Economics"
1537,2017-01-23,"Agent","Spain","Language & Literature"
1538,2018-03-26,"Agent","Brazil","Humanities"
1539,2020-05-05,"Agent","Portugal","Humanities"
1540,2016-01-01,"Agent","United States","Language & Literature"
1541,2016-01-16,"Agent","Netherlands","Language & Literature"
1542,2016-01-25,"Agent","Hungary","IT"
1543,2016-09-29,"Agent","United States","Economics"
1544,2016-06-29,"Agent","Honduras","Engineering"
1545,2019-10-02,"Agent","Serbia","Humanities"
1546,2020-08-11,"Agent","Argentina","Humanities"
1547,2016-05-24,"Agent","Hungary","Life Sciences"
1548,2020-10-03,"Agent","Honduras","Law"
1549,2019-10-03,"Agent","Spain","Medicine"
1550,2018-07-17,"Agent","Serbia","IT"
1551,2017-11-07,"Agent","Argentina","Other"
1552,2019-12-30,"Agent","Argentina","Arts"
1553,2019-12-29,"Agent","Argentina","Humanities"
1554,2017-01-23,"Agent","Argentina","Language & Literature"
1555,2014-07-10,"Agent","Serbia","Language & Literature"
1556,2015-11-25,"Agent","Turkey","Humanities"
1557,2019-05-17,"Agent","Serbia","Language & Literature"
1558,2020-01-27,"Agent","Brazil","Other"
1559,2018-08-17,"Agent","United States","Language & Literature"
1560,2019-10-16,"Agent","Argentina","Language & Literature"
1561,2017-07-07,"Agent","Hungary","Language & Literature"
1562,2018-02-11,"Agent","Turkey","Humanities"
1563,2014-02-03,"Agent","Spain","Economics"
1564,2020-12-26,"Agent","Portugal","Engineering"
1565,2015-05-10,"Agent","Serbia","Engineering"
1566,2014-06-15,"Agent","Brazil","Engineering"
1567,2019-07-05,"Agent","Hungary","Other"
1568,2018-06-18,"Agent","Honduras","Other"
1569,2019-06-30,"Agent","United States","IT"
1570,2016-07-24,"Agent","Hungary","Other"
1571,2014-12-16,"Agent","Turkey","Language & Literature"
1572,2019-02-11,"Agent","Netherlands","Law"
1573,2019-02-02,"Agent","Turkey","Language & Literature"
1574,2016-11-20,"Agent","Brazil","Engineering"
1575,2015-07-01,"Agent","Honduras","Law"
1576,2020-12-30,"Agent","Hungary","Humanities"
1577,2015-05-06,"Agent","United States","Economics"
1578,2020-06-13,"Agent","Brazil","Engineering"
1579,2018-08-04,"Agent","United States","Language & Literature"
1580,2020-03-05,"Agent","Turkey","Engineering"
1581,2014-01-11,"Agent","Netherlands","IT"
1582,2017-03-18,"Agent","Turkey","Engineering"
1583,2019-07-13,"Agent","Hungary","Engineering"
1584,2017-10-12,"Agent","Portugal","Life Sciences"
1585,2014-01-19,"Agent","Turkey","Language & Literature"
1586,2015-12-31,"Agent","Hungary","Economics"
1587,2019-01-05,"Agent","Brazil","Economics"
1588,2016-02-23,"Agent","Spain","Medicine"
1589,2014-08-23,"Agent","Argentina","Engineering"
1590,2018-07-16,"Agent","Turkey","Arts"
1591,2016-03-03,"Agent","Turkey","Economics"
1592,2015-10-31,"Agent","Brazil","Medicine"
1593,2020-12-09,"Agent","Serbia","Humanities"
1594,2017-02-17,"Agent","United States","Language & Literature"
1595,2020-07-21,"Agent","Brazil","Humanities"
1596,2016-06-13,"Agent","Serbia","Humanities"
1597,2018-11-27,"Agent","Hungary","Language & Literature"
1598,2014-07-18,"Agent","Hungary","Humanities"
1599,2020-01-22,"Agent","Turkey","Law"
1600,2016-05-14,"Agent","Hungary","Humanities"
1601,2015-09-06,"Agent","Serbia","IT"
1602,2014-01-13,"Agent","Netherlands","Humanities"
1603,2019-07-23,"Agent","Serbia","Life Sciences"
1604,2016-07-18,"Agent","Turkey","Economics"
1605,2019-08-08,"Agent","Brazil","Humanities"
1606,2017-10-27,"Agent","Serbia","Language & Literature"
1607,2015-09-10,"Agent","Argentina","Humanities"
1608,2017-08-01,"Agent","Honduras","Humanities"
1609,2015-06-19,"Agent","Serbia","Life Sciences"
1610,2016-10-21,"Agent","Netherlands","Humanities"
1611,2015-09-01,"Agent","Turkey","Humanities"
1612,2014-08-29,"Agent","Serbia","Humanities"
1613,2016-09-06,"Agent","Argentina","IT"
1614,2018-11-26,"Agent","Spain","Humanities"
1615,2016-05-02,"Agent","Brazil","IT"
1616,2018-04-30,"Agent","Argentina","IT"
1617,2015-07-15,"Agent","Turkey","Life Sciences"
1618,2020-07-23,"Agent","United States","Law"
1619,2016-09-24,"Agent","Portugal","Engineering"
1620,2014-07-20,"Agent","Honduras","Other"
1621,2014-05-07,"Agent","Turkey","Language & Literature"
1622,2017-12-13,"Agent","Serbia","Language & Literature"
1623,2020-09-03,"Agent","United States","Other"
1624,2019-07-29,"Agent","United States","Design"
1625,2015-07-30,"Agent","Honduras","Humanities"
1626,2018-10-25,"Agent","United States","Arts"
1627,2014-01-25,"Agent","Hungary","Humanities"
1628,2015-09-25,"Agent","Spain","IT"
1629,2015-09-30,"Agent","Spain","IT"
1630,2016-02-25,"Agent","United States","Language & Literature"
1631,2016-04-09,"Agent","Spain","Life Sciences"
1632,2015-07-24,"Agent","Argentina","Engineering"
1633,2019-12-23,"Agent","Brazil","Language & Literature"
1634,2015-06-19,"Agent","Netherlands","Law"
1635,2016-02-27,"Agent","Spain","Life Sciences"
1636,2014-07-22,"Agent","Turkey","Other"
1637,2016-02-29,"Agent","Spain","Engineering"
1638,2018-02-07,"Agent","Hungary","Economics"
1639,2020-03-21,"Agent","Hungary","Engineering"
1640,2018-12-04,"Agent","Serbia","Economics"
1641,2014-07-25,"Agent","Brazil","Other"
1642,2017-04-30,"Agent","Turkey","Humanities"
1643,2015-10-09,"Agent","Brazil","Other"
1644,2019-03-26,"Agent","Honduras","Engineering"
1645,2016-12-30,"Agent","Serbia","Language & Literature"
1646,2017-06-14,"Agent","Serbia","Language & Literature"
1647,2016-04-12,"Agent","Serbia","Humanities"
1648,2014-10-13,"Agent","Turkey","Arts"
1649,2017-03-12,"Agent","Brazil","Engineering"
1650,2016-10-10,"Agent","Brazil","Language & Literature"
1651,2018-12-16,"Agent","Netherlands","Arts"
1652,2014-07-10,"Agent","Honduras","Humanities"
1653,2020-04-03,"Agent","Spain","Humanities"
1654,2015-08-23,"Agent","United States","Law"
1655,2015-09-17,"Agent","Serbia","Engineering"
1656,2018-08-31,"Agent","Serbia","Engineering"
1657,2015-02-03,"Agent","Portugal","Humanities"
1658,2015-11-05,"Agent","Honduras","Life Sciences"
1659,2020-06-26,"Agent","Argentina","Other"
1660,2018-08-05,"Agent","Serbia","Law"
1661,2019-02-11,"Agent","Portugal","Humanities"
1662,2019-03-22,"Agent","Netherlands","Language & Literature"
1663,2020-05-20,"Agent","United States","Engineering"
1664,2016-07-18,"Agent","Brazil","Engineering"
1665,2015-01-17,"Agent","Argentina","Language & Literature"
1666,2017-09-04,"Agent","Netherlands","Engineering"
1667,2020-11-14,"Agent","Netherlands","Humanities"
1668,2019-12-16,"Agent","Netherlands","Other"
1669,2014-06-10,"Agent","Serbia","Other"
1670,2017-03-05,"Agent","Serbia","Humanities"
1671,2016-12-10,"Agent","Hungary","IT"
1672,2020-08-11,"Agent","Serbia","Humanities"
1673,2020-08-15,"Agent","Hungary","Economics"
1674,2016-03-17,"Agent","Portugal","Humanities"
1675,2020-11-29,"Agent","Honduras","Humanities"
1676,2020-03-19,"Agent","United States","Law"
1677,2014-12-18,"Agent","United States","Medicine"
1678,2014-05-11,"Agent","Serbia","Arts"
1679,2019-07-31,"Agent","United States","Engineering"
1680,2016-03-11,"Agent","Honduras","Humanities"
1681,2020-08-05,"Agent","Hungary","Arts"
1682,2017-11-15,"Agent","Serbia","Engineering"
1683,2020-07-06,"Agent","Brazil","Economics"
1684,2014-07-23,"Agent","United States","Language & Literature"
1685,2019-04-16,"Agent","Portugal","Design"
1686,2014-02-26,"Agent","Netherlands","Humanities"
1687,2019-06-16,"Agent","United States","Language & Literature"
1688,2016-05-15,"Agent","Netherlands","Humanities"
1689,2016-12-14,"Agent","Argentina","Humanities"
1690,2018-02-26,"Agent","Honduras","Language & Literature"
1691,2015-12-28,"Agent","Spain","Engineering"
1692,2014-10-06,"Agent","Netherlands","Language & Literature"
1693,2019-12-20,"Agent","Argentina","Economics"
1694,2018-01-24,"Agent","Serbia","Law"
1695,2014-09-20,"Agent","Serbia","Engineering"
1696,2016-08-30,"Agent","Portugal","Other"
1697,2019-07-09,"Agent","Argentina","Design"
1698,2015-12-04,"Agent","Argentina","Humanities"
1699,2016-04-20,"Agent","United States","Humanities"
1700,2018-05-30,"Agent","Spain","Arts"
1701,2015-09-22,"Agent","Spain","Humanities"
1702,2015-12-05,"Agent","Brazil","Medicine"
1703,2014-08-11,"Agent","Argentina","Life Sciences"
1704,2020-07-29,"Agent","Portugal","Language & Literature"
1705,2017-05-26,"Agent","Turkey","Humanities"
1706,2015-04-30,"Agent","Serbia","Arts"
1707,2014-01-23,"Agent","Spain","Engineering"
1708,2019-05-07,"Agent","Brazil","IT"
1709,2014-03-12,"Agent","Argentina","Language & Literature"
1710,2019-05-10,"Agent","Netherlands","Other"
1711,2016-07-07,"Agent","United States","IT"
1712,2020-04-16,"Agent","United States","Humanities"
1713,2017-09-28,"Agent","Portugal","Other"
1714,2017-08-21,"Agent","Brazil","Language & Literature"
1715,2017-02-20,"Agent","United States","IT"
1716,2016-08-10,"Agent","United States","Language & Literature"
1717,2015-01-18,"Agent","Spain","Other"
1718,2015-10-07,"Agent","Argentina","Humanities"
1719,2016-08-03,"Agent","Argentina","Other"
1720,2020-05-28,"Agent","Spain","Language & Literature"
1721,2018-05-08,"Agent","Netherlands","Arts"
1722,2015-04-14,"Agent","Serbia","Humanities"
1723,2014-05-03,"Agent","Spain","Language & Literature"
1724,2020-08-10,"Agent","Brazil","Arts"
1725,2015-06-17,"Agent","Turkey","Engineering"
1726,2015-01-31,"Agent","United States","Humanities"
1727,2014-05-04,"Agent","Hungary","Other"
1728,2019-11-09,"Agent","Brazil","Life Sciences"
1729,2014-09-16,"Agent","Portugal","Other"
1730,2017-01-25,"Agent","Portugal","Engineering"
1731,2016-04-27,"Agent","Hungary","Humanities"
1732,2016-09-29,"Agent","Spain","Engineering"
1733,2016-11-06,"Agent","Brazil","Language & Literature"
1734,2018-04-07,"Agent","Serbia","Economics"
1735,2016-05-19,"Agent","Honduras","Humanities"
1736,2017-08-22,"Agent","Turkey","Language & Literature"
1737,2015-04-09,"Agent","Serbia","Economics"
1738,2018-02-09,"Agent","Brazil","Humanities"
1739,2018-04-17,"Agent","Hungary","Humanities"
1740,2016-07-16,"Agent","Portugal","Humanities"
1741,2018-01-04,"Agent","Brazil","Humanities"
1742,2017-09-28,"Agent","Serbia","Medicine"
1743,2014-03-12,"Agent","Portugal","IT"
1744,2017-08-20,"Agent","Netherlands","Other"
1745,2014-08-14,"Agent","Brazil","Design"
1746,2014-11-07,"Agent","Honduras","Engineering"
1747,2019-04-03,"Agent","Argentina","Other"
1748,2015-01-31,"Agent","Serbia","Language & Literature"
1749,2017-07-25,"Agent","Brazil","Engineering"
1750,2020-11-08,"Agent","Argentina","Engineering"
1751,2017-10-02,"Agent","Hungary","Engineering"
1752,2017-07-22,"Agent","Hungary","Other"
1753,2018-11-21,"Agent","Argentina","Engineering"
1754,2018-12-08,"Agent","Turkey","Humanities"
1755,2017-11-09,"Agent","Brazil","Language & Literature"
1756,2017-11-26,"Agent","Turkey","Language & Literature"
1757,2019-08-29,"Agent","Serbia","Arts"
1758,2015-07-08,"Agent","Turkey","Language & Literature"
1759,2019-05-15,"Agent","Hungary","Humanities"
1760,2016-01-27,"Agent","Serbia","Engineering"
1761,2016-11-21,"Agent","Honduras","Other"
1762,2014-05-04,"Agent","Spain","Other"
1763,2020-12-21,"Agent","United States","Arts"
1764,2018-03-20,"Agent","Turkey","Arts"
1765,2015-08-29,"Agent","Argentina","Language & Literature"
1766,2016-09-19,"Agent","Argentina","Language & Literature"
1767,2014-04-13,"Agent","Spain","Language & Literature"
1768,2015-06-09,"Agent","Brazil","Humanities"
1769,2015-01-08,"Agent","United States","Economics"
1770,2020-07-16,"Agent","Hungary","Language & Literature"
1771,2016-10-13,"Agent","Turkey","Language & Literature"
1772,2014-06-26,"Agent","Portugal","Engineering"
1773,2019-03-15,"Agent","Portugal","Humanities"
1774,2016-09-12,"Agent","Portugal","Economics"
1775,2014-06-14,"Agent","Spain","Language & Literature"
1776,2015-06-07,"Agent","United States","Other"
1777,2016-12-22,"Agent","Turkey","IT"
1778,2020-03-12,"Agent","Portugal","IT"
1779,2016-07-01,"Agent","Argentina","Engineering"
1780,2018-09-24,"Agent","Honduras","Economics"
1781,2019-04-14,"Agent","United States","Language & Literature"
1782,2015-02-03,"Agent","Portugal","Humanities"
1783,2018-11-14,"Agent","Serbia","Humanities"
1784,2015-05-04,"Agent","Spain","Life Sciences"
1785,2020-01-27,"Agent","Turkey","Language & Literature"
1786,2015-05-26,"Agent","Honduras","Other"
1787,2017-02-19,"Agent","United States","Law"
1788,2014-08-10,"Agent","Brazil","Economics"
1789,2018-09-23,"Agent","Hungary","Humanities"
1790,2017-04-12,"Agent","Brazil","Language & Literature"
1791,2018-03-23,"Agent","Portugal","Language & Literature"
1792,2019-02-18,"Agent","United States","Engineering"
1793,2015-06-24,"Agent","Netherlands","Other"
1794,2015-05-01,"Agent","Serbia","Language & Literature"
1795,2020-04-20,"Agent","Netherlands","Humanities"
1796,2018-07-30,"Agent","Turkey","Engineering"
1797,2017-09-24,"Agent","Brazil","Language & Literature"
1798,2018-09-06,"Agent","Portugal","IT"
1799,2015-09-10,"Agent","United States","Humanities"
1800,2015-04-19,"Agent","Spain","Humanities"
1801,2015-10-29,"Agent","Serbia","Language & Literature"
1802,2018-09-11,"Agent","United States","Engineering"
1803,2017-10-12,"Agent","Hungary","Language & Literature"
1804,2014-01-27,"Agent","Netherlands","Law"
1805,2017-02-23,"Agent","Turkey","Law"
1806,2020-01-23,"Agent","Turkey","Language & Literature"
1807,2020-05-14,"Agent","Portugal","Economics"
1808,2017-09-06,"Agent","Argentina","Language & Literature"
1809,2016-07-10,"Agent","Netherlands","Other"
1810,2015-06-24,"Agent","Portugal","Language & Literature"
1811,2020-12-07,"Agent","United States","Humanities"
1812,2019-07-18,"Agent","Serbia","Other"
1813,2018-01-27,"Agent","Honduras","Humanities"
1814,2016-01-07,"Agent","Serbia","Engineering"
1815,2014-12-13,"Agent","Portugal","Engineering"
1816,2020-10-03,"Agent","Portugal","IT"
1817,2019-05-08,"Agent","Argentina","Other"
1818,2017-03-04,"Agent","Honduras","Language & Literature"
1819,2017-10-27,"Agent","Spain","Economics"
1820,2014-07-27,"Agent","Argentina","Humanities"
1821,2017-07-17,"Agent","Serbia","Economics"
1822,2016-04-14,"Agent","Honduras","Language & Literature"
1823,2014-05-12,"Agent","Hungary","Medicine"
1824,2016-10-10,"Agent","Hungary","Life Sciences"
1825,2017-12-31,"Agent","Argentina","Other"
1826,2016-07-12,"Agent","Turkey","Arts"
1827,2020-12-04,"Agent","United States","Language & Literature"
1828,2014-06-02,"Agent","Serbia","Humanities"
1829,2015-05-30,"Agent","Netherlands","Language & Literature"
1830,2015-12-28,"Agent","Netherlands","Engineering"
1831,2020-08-24,"Agent","United States","Engineering"
1832,2015-02-10,"Agent","Argentina","Engineering"
1833,2014-03-27,"Agent","Honduras","Other"
1834,2017-02-16,"Agent","Turkey","Medicine"
1835,2015-05-06,"Agent","Portugal","Arts"
1836,2017-09-06,"Agent","Argentina","Engineering"
1837,2015-06-02,"Agent","Spain","Language & Literature"
1838,2018-07-06,"Agent","Hungary","Other"
1839,2020-12-21,"Agent","Argentina","Language & Literature"
1840,2015-12-27,"Agent","Serbia","Economics"
1841,2016-08-19,"Agent","Argentina","Humanities"
1842,2017-05-31,"Agent","Hungary","Economics"
1843,2018-07-08,"Agent","Serbia","Economics"
1844,2019-03-05,"Agent","Turkey","Language & Literature"
1845,2014-02-26,"Agent","Spain","Design"
1846,2014-03-12,"Agent","Argentina","Economics"
1847,2014-04-07,"Agent","Honduras","Humanities"
1848,2016-06-04,"Agent","Serbia","Language & Literature"
1849,2016-11-30,"Agent","Netherlands","Language & Literature"
1850,2017-08-27,"Agent","Portugal","Engineering"
1851,2016-05-18,"Agent","Portugal","Humanities"
1852,2020-10-19,"Agent","Turkey","Language & Literature"
1853,2015-03-29,"Agent","Honduras","Economics"
1854,2014-10-06,"Agent","Turkey","Other"
1855,2019-10-31,"Agent","Turkey","Engineering"
1856,2014-08-13,"Agent","Hungary","Language & Literature"
1857,2014-05-07,"Agent","Hungary","Design"
1858,2014-06-30,"Agent","Hungary","Language & Literature"
1859,2019-05-05,"Agent","Serbia","Law"
1860,2015-12-27,"Agent","Turkey","Language & Literature"
1861,2015-01-04,"Agent","Spain","Engineering"
1862,2017-08-13,"Agent","Serbia","Language & Literature"
1863,2019-01-06,"Agent","Turkey","Humanities"
1864,2016-05-10,"Agent","Argentina","Economics"
1865,2014-02-04,"Agent","Hungary","Other"
1866,2020-11-26,"Agent","Hungary","Other"
1867,2015-11-30,"Agent","United States","Other"
1868,2015-02-04,"Agent","Spain","Economics"
1869,2017-07-31,"Agent","Argentina","Arts"
1870,2018-12-06,"Agent","Serbia","Humanities"
1871,2018-08-24,"Agent","Spain","Humanities"
1872,2017-01-25,"Agent","Hungary","Other"
1873,2016-12-07,"Agent","United States","Language & Literature"
1874,2016-04-03,"Agent","Netherlands","Other"
1875,2017-02-04,"Agent","Netherlands","Humanities"
1876,2017-02-11,"Agent","Argentina","Engineering"
1877,2016-01-25,"Agent","Serbia","Engineering"
1878,2020-11-25,"Agent","Serbia","Language & Literature"
1879,2020-10-31,"Agent","Spain","Engineering"
1880,2015-05-02,"Agent","Serbia","Arts"
1881,2016-11-16,"Agent","Netherlands","Humanities"
1882,2019-01-25,"Agent","Hungary","Medicine"
1883,2015-09-17,"Agent","United States","Design"
1884,2019-10-07,"Agent","Spain","Design"
1885,2019-01-11,"Agent","Brazil","Life Sciences"
1886,2017-09-13,"Agent","Netherlands","Law"
1887,2015-10-15,"Agent","Hungary","Engineering"
1888,2019-07-06,"Agent","Brazil","Engineering"
1889,2019-03-03,"Agent","Spain","Medicine"
1890,2018-12-27,"Agent","Spain","Engineering"
1891,2015-04-24,"Agent","Honduras","Humanities"
1892,2015-09-27,"Agent","Hungary","Humanities"
1893,2017-05-25,"Agent","Hungary","Other"
1894,2020-04-20,"Agent","Serbia","Humanities"
1895,2020-01-19,"Agent","Brazil","Medicine"
1896,2014-11-14,"Agent","United States","Engineering"
1897,2019-10-14,"Agent","Honduras","Language & Literature"
1898,2020-12-04,"Agent","Hungary","Language & Literature"
1899,2016-09-10,"Agent","Honduras","Arts"
1900,2020-12-01,"Agent","Brazil","Engineering"
1901,2020-12-15,"Agent","Argentina","Engineering"
1902,2017-11-01,"Agent","Brazil","Other"
1903,2019-06-04,"Agent","Turkey","Other"
1904,2017-07-19,"Agent","United States","Language & Literature"
1905,2014-10-10,"Agent","Turkey","Language & Literature"
1906,2019-06-27,"Agent","Serbia","Language & Literature"
1907,2014-05-05,"Agent","Brazil","Language & Literature"
1908,2016-12-08,"Agent","Serbia","Humanities"
1909,2014-11-29,"Agent","Netherlands","Humanities"
1910,2015-08-18,"Agent","Argentina","Language & Literature"
1911,2020-07-13,"Agent","Netherlands","Economics"
1912,2018-04-04,"Agent","Honduras","Medicine"
1913,2017-08-05,"Agent","Spain","IT"
1914,2014-05-17,"Agent","Honduras","Economics"
1915,2017-02-15,"Agent","Netherlands","Language & Literature"
1916,2017-01-23,"Agent","Argentina","Language & Literature"
1917,2016-06-27,"Agent","Portugal","Engineering"
1918,2018-03-19,"Agent","United States","Engineering"
1919,2016-12-16,"Agent","Hungary","Engineering"
1920,2015-10-14,"Agent","Honduras","Engineering"
1921,2015-04-10,"Agent","Brazil","Humanities"
1922,2020-11-19,"Agent","Netherlands","Language & Literature"
1923,2016-09-24,"Agent","Hungary","Economics"
1924,2020-02-28,"Agent","Honduras","Language & Literature"
1925,2015-11-18,"Agent","Brazil","Law"
1926,2016-04-07,"Agent","Hungary","Arts"
1927,2020-02-02,"Agent","United States","Economics"
1928,2014-03-27,"Agent","Argentina","Language & Literature"
1929,2020-08-12,"Agent","Serbia","Other"
1930,2020-11-11,"Agent","Brazil","Humanities"
1931,2017-06-30,"Agent","Serbia","Language & Literature"
1932,2015-12-03,"Agent","Brazil","Humanities"
1933,2014-08-16,"Agent","Netherlands","Other"
1934,2017-11-30,"Agent","United States","IT"
1935,2019-06-03,"Agent","United States","Engineering"
1936,2018-07-09,"Agent","Honduras","Engineering"
1937,2017-01-11,"Agent","Hungary","Language & Literature"
1938,2016-09-29,"Agent","Serbia","Economics"
1939,2020-04-11,"Agent","Spain","Other"
1940,2018-01-29,"Agent","Serbia","Law"
1941,2016-03-26,"Agent","Portugal","Humanities"
1942,2019-06-13,"Agent","Turkey","Humanities"
1943,2014-08-04,"Agent","Hungary","Engineering"
1944,2016-03-21,"Agent","Netherlands","Language & Literature"
1945,2016-03-29,"Agent","Netherlands","Law"
1946,2016-12-12,"Agent","Portugal","Other"
1947,2017-07-27,"Agent","Honduras","Law"
1948,2020-12-13,"Agent","Brazil","Humanities"
1949,2017-01-22,"Agent","Argentina","Humanities"
1950,2019-03-10,"Agent","Portugal","Life Sciences"
1951,2018-03-24,"Agent","Turkey","Other"
1952,2015-06-30,"Agent","Spain","Humanities"
1953,2017-11-11,"Agent","Honduras","IT"
1954,2014-02-24,"Agent","United States","Humanities"
1955,2020-01-23,"Agent","Brazil","Engineering"
1956,2018-10-08,"Agent","Hungary","Economics"
1957,2014-01-06,"Agent","Serbia","Economics"
1958,2019-01-19,"Agent","Turkey","Humanities"
1959,2015-11-27,"Agent","Hungary","Humanities"
1960,2017-04-20,"Agent","Turkey","Engineering"
1961,2020-02-08,"Agent","Serbia","Humanities"
1962,2017-07-08,"Agent","Serbia","Economics"
1963,2015-03-30,"Agent","Portugal","Engineering"
1964,2019-06-22,"Agent","Honduras","Humanities"
1965,2015-11-11,"Agent","Brazil","Other"
1966,2015-06-04,"Agent","Hungary","Language & Literature"
1967,2018-01-14,"Agent","Hungary","Humanities"
1968,2019-02-03,"Agent","Hungary","Other"
1969,2021-01-01,"Agent","Spain","Humanities"
1970,2019-11-27,"Agent","Hungary","Humanities"
1971,2020-01-17,"Agent","Honduras","Language & Literature"
1972,2014-11-08,"Agent","Portugal","Language & Literature"
1973,2020-05-14,"Agent","United States","Engineering"
1974,2018-01-15,"Agent","Netherlands","Other"
1975,2014-02-09,"Agent","Spain","Economics"
1976,2018-04-12,"Agent","Portugal","Other"
1977,2019-09-06,"Agent","Argentina","Arts"
1978,2020-07-15,"Agent","Portugal","Language & Literature"
1979,2016-06-14,"Agent","Spain","Medicine"
1980,2019-11-13,"Agent","Honduras","Humanities"
1981,2015-02-21,"Agent","Portugal","Arts"
1982,2015-03-29,"Agent","United States","Engineering"
1983,2017-04-25,"Agent","Brazil","Engineering"
1984,2015-08-30,"Agent","Turkey","Humanities"
1985,2016-11-21,"Agent","Argentina","Humanities"
1986,2015-01-23,"Agent","United States","Economics"
1987,2014-02-14,"Agent","Spain","Economics"
1988,2015-02-04,"Agent","Turkey","Language & Literature"
1989,2014-07-10,"Agent","Spain","Humanities"
1990,2016-07-14,"Agent","Honduras","Language & Literature"
1991,2018-01-01,"Agent","Spain","Life Sciences"
1992,2015-01-24,"Agent","Argentina","Humanities"
1993,2015-11-10,"Agent","United States","Language & Literature"
1994,2014-06-13,"Agent","Turkey","Life Sciences"
1995,2017-12-06,"Agent","Honduras","Humanities"
1996,2020-08-30,"Agent","Portugal","Engineering"
1997,2016-05-10,"Agent","Spain","Language & Literature"
1998,2017-08-04,"Agent","Brazil","Language & Literature"
1999,2014-04-06,"Agent","Brazil","Language & Literature"
2000,2015-04-25,"Agent","Turkey","Life Sciences"
2001,2019-01-03,"Agent","Serbia","Engineering"
2002,2015-11-24,"Agent","Spain","Engineering"
2003,2019-02-01,"Agent","Hungary","Other"
2004,2016-12-23,"Agent","Portugal","Economics"
2005,2014-05-16,"Agent","Turkey","Language & Literature"
2006,2015-05-25,"Agent","Hungary","Arts"
2007,2016-10-07,"Agent","Hungary","Other"
2008,2016-10-08,"Agent","Argentina","Other"
2009,2015-08-13,"Agent","Brazil","Other"
2010,2019-01-14,"Agent","United States","IT"
2011,2018-01-21,"Agent","Honduras","Language & Literature"
2012,2017-12-08,"Agent","Spain","Humanities"
2013,2018-10-24,"Agent","Netherlands","Language & Literature"
2014,2015-04-21,"Agent","Serbia","Life Sciences"
2015,2014-01-30,"Agent","Honduras","IT"
2016,2014-10-11,"Agent","Netherlands","Language & Literature"
2017,2014-01-30,"Agent","Spain","Economics"
2018,2017-08-29,"Agent","Serbia","Language & Literature"
2019,2020-05-05,"Agent","Brazil","Humanities"
2020,2018-05-09,"Agent","Spain","Humanities"
2021,2014-02-01,"Agent","Hungary","Humanities"
2022,2019-03-21,"Agent","Spain","Other"
2023,2016-12-25,"Agent","Argentina","Other"
2024,2016-03-01,"Agent","Netherlands","Humanities"
2025,2016-02-15,"Agent","Argentina","Other"
2026,2016-12-13,"Agent","Hungary","Economics"
2027,2018-05-06,"Agent","Brazil","Humanities"
2028,2015-06-25,"Agent","United States","Other"
2029,2016-08-04,"Agent","Netherlands","Language & Literature"
2030,2015-10-04,"Agent","Hungary","Economics"
2031,2018-11-13,"Agent","Honduras","Humanities"
2032,2014-02-17,"Agent","United States","Life Sciences"
2033,2016-05-09,"Agent","United States","Engineering"
2034,2020-11-30,"Agent","Netherlands","Language & Literature"
2035,2017-11-08,"Agent","Hungary","Economics"
2036,2016-04-13,"Agent","Netherlands","Arts"
2037,2018-11-12,"Agent","Portugal","Language & Literature"
2038,2017-10-23,"Agent","Honduras","Humanities"
2039,2019-03-27,"Agent","Spain","Law"
2040,2015-06-03,"Agent","Spain","Humanities"
2041,2017-04-22,"Agent","Brazil","Language & Literature"
2042,2016-04-19,"Agent","Serbia","Language & Literature"
2043,2017-06-13,"Agent","Spain","Humanities"
2044,2018-05-11,"Agent","Serbia","Language & Literature"
2045,2014-06-17,"Agent","Spain","Humanities"
2046,2015-04-30,"Agent","Turkey","Humanities"
2047,2020-11-30,"Agent","Turkey","Humanities"
2048,2018-02-11,"Agent","Portugal","Language & Literature"
2049,2014-06-17,"Agent","Spain","Language & Literature"
2050,2016-03-28,"Agent","Honduras","Humanities"
2051,2015-11-30,"Agent","Spain","Language & Literature"
2052,2016-06-26,"Agent","Hungary","Economics"
